TEAM,CONF,G,W,EFG_O,EFG_D,TOR,TORD,ORB,DRB,FTR,FTRD,2P_O,2P_D,3P_O,3P_D,YEAR
North Carolina,A10,40,38,59.5,48.1,15.4,18.2,40.7,30,32.3,30.4,53.9,44.6,32.7,36.2,2016
Wisconsin,A10,40,37,59,47.7,12.4,15.8,32.1,23.7,36.2,22.4,54.8,44.7,36.5,37.5,2015
Michigan,A10,40,36,58.3,47.7,14,19.5,25.5,24.9,30.7,30,54.7,46.8,35.2,33.2,2018
Texas Tech,A10,40,36,57.9,43,17.7,22.8,27.4,28.7,32.9,36.6,52.8,41.9,36.5,29.7,2019
Gonzaga,A10,40,35,57.9,41.1,16.2,17.1,30,26.2,39,26.9,56.3,40,38.2,29,2017
Duke,A10,39,35,57.7,46.5,16.3,18.6,35.8,30.2,39.8,23.9,55.9,46.3,38.7,31.4,2015
Virginia,A10,39,35,57.5,44.7,14.7,17.5,30.4,25.4,29.1,26.3,52.5,45.7,39.5,28.9,2019
North Carolina,A10,39,34,57.3,48.1,16.2,18.6,41.3,25,34.3,31.6,51,46.3,35.5,33.9,2017
Villanova,A10,39,34,56.8,46.7,16.3,20.6,28.2,29.4,34.1,30,57.4,44.1,36.2,33.9,2016
Villanova,A10,39,33,56.6,48.5,15,18.2,29.6,27.1,29.4,26.7,59,49,40.1,31.7,2018
Louisville,A10,39,33,56.6,44,17.2,21.3,34.7,30.8,38.7,33.3,48.4,43.3,30.7,30.3,2015
Notre Dame,A10,39,33,56.4,47.9,14.5,17.3,27.9,32.2,36.7,24.1,58.2,47.4,39,32.6,2015
Notre Dame,A10,39,33,56.3,49.5,15.3,14.8,32.7,32.1,32.9,26,52.9,46.5,37.4,36.9,2016
Virginia,A10,39,33,56.2,48.4,15.1,18.8,29.9,25.2,32.1,33.4,52.6,46.3,40.3,34.7,2016
Duke,A10,38,32,56.2,46.4,17.5,17.3,38.8,30,34.6,22.3,56,45.4,37.2,32,2018
Florida St.,A10,38,32,56.1,48.4,17.8,19.4,32.3,29.8,37,32.4,53.6,45.4,35,35.5,2018
Duke,A10,38,32,56.1,45,17.5,19.4,35.6,29.5,33.2,24,58,45,30.8,29.9,2019
Purdue,A10,38,32,56.1,49,15.8,18.6,34.5,27,29.9,31.7,51.5,47.2,37.4,34.2,2019
Kansas,A10,38,32,56,45.1,17.8,18.5,32.2,27.9,38.6,37.3,52.7,43.4,41.3,32.5,2016
Kansas,A10,38,32,56,48.1,17.6,18.6,34.1,29.7,36,30,53.6,45.3,40.4,35.6,2017
Kansas St.,A10,38,31,55.9,49.1,17.2,21.6,25.9,31.9,33.8,36.8,53.4,48.9,34.1,33,2018
Texas Tech,A10,38,31,55.9,46.4,17.8,21.7,32.9,28.7,39.3,38,51.1,45.1,35.9,32.3,2018
Xavier,A10,38,31,55.7,51.6,18.4,17.5,34.5,25.5,41.1,33.4,52,52.5,34.5,33.4,2017
Arizona,A10,38,30,55.5,45.1,16.5,20.6,34.5,22.4,47.1,37.3,53.3,42.7,36,33.5,2015
Oregon,A10,38,30,55.5,48.9,16.1,20.2,34.1,30.5,40.3,32,52.6,46.1,34.4,36.2,2016
Florida,A10,37,30,55.3,45.8,16.9,21,32.1,29.5,40.2,34,50.3,45.7,35.9,30.5,2017
Kentucky,A10,37,29,55.3,47.5,15.7,19.2,33.5,27.7,40.9,33.5,52.9,48.3,35.3,30.6,2017
Kentucky,A10,37,29,55.2,46.6,18.6,17.9,36.8,25.5,41.9,26.8,52.9,43.6,35.4,34.3,2019
Gonzaga,A10,37,29,55.2,44.2,16.1,17.1,33.9,28,38.7,30.5,57,42,40,33,2015
Gonzaga,A10,37,29,55.2,44.2,14.9,19,31.5,26.8,35.3,25.9,61.4,43.4,36.3,30.4,2019
Syracuse,A10,37,28,55,47.3,18.1,20.4,33.5,35.3,35.4,28,47.2,48.1,36,30.7,2016
Michigan St.,A10,37,27,55,44.9,17.5,16.5,33.5,27,32.7,39,50.8,43.8,38.5,31.5,2015
Michigan St.,A10,37,27,54.9,43.9,18.5,14.9,33.9,26.4,33.6,27.5,54.3,41.9,37.8,31.6,2019
Oklahoma,A10,37,27,54.8,47.2,18.3,17.7,31.2,30.5,33,28.3,48.2,45.3,42.2,33.7,2016
Kansas,A10,37,27,54.8,49.1,16.6,18.2,29.4,31.2,27,24.6,55.6,48.6,40.1,33.3,2018
Loyola Chicago,A10,37,27,54.8,47.4,19.1,19.4,22.1,25.9,32.2,25.2,56.6,47.1,39.8,32,2018
Oregon,A10,37,26,54.8,46.4,17.1,19.3,32.4,29.5,34.4,26.3,54.5,46.1,38,31.2,2017
Kentucky,A10,37,26,54.7,39.6,16.3,21.3,39.5,31.8,43.9,31.7,51.2,39.1,34.9,27.1,2015
South Carolina,A10,37,26,54.7,45.5,18.4,24.3,34,31.6,40.2,44.5,45.9,45.4,33.4,30.6,2017
Auburn,A10,37,26,54.7,51.7,16.8,24.6,31.6,32.8,30.9,36.4,51.7,51.4,38.1,34.8,2019
Duquesne,A10,37,26,54.6,51.7,18.3,16,31.7,33.3,32.5,33.8,49.5,47.7,36.2,38.5,2015
Fordham,A10,37,26,54.6,50.2,22.2,18.7,33.4,29.5,33.1,41.7,47.8,49.6,29.8,34.1,2015
George Mason,A10,37,25,54.4,50,21.9,18.5,35.9,30.4,41.1,44.7,44.9,48.4,31.6,35.3,2015
George Washington,A10,36,25,54.3,45.9,18.7,18.3,35.5,30.9,39.9,28.9,47.3,44.9,35.2,31.9,2015
La Salle,A10,36,25,54.3,45.8,19.9,20.1,29.6,30.8,36.4,34.4,46.1,45.1,32.1,31.6,2015
Massachusetts,A10,36,25,54.3,48.7,20.5,17.5,34,31.3,42.4,35.2,48.4,47.1,29.6,35,2015
Rhode Island,A10,36,24,54.2,43.9,20.8,21.8,32.3,29.2,47.3,46,50.1,45,30.5,27.3,2015
Richmond,A10,36,24,54.2,46,15.6,21.1,22.2,33.4,32.9,33.5,52.8,46.2,34,30.3,2015
Saint Joseph's,A10,36,24,54.2,48.3,19.2,19,31.5,30.4,35.2,31.3,45.5,46.3,29.9,34.8,2015
Saint Louis,A10,36,24,54.2,51.6,21.7,20.9,27.2,32.1,41.5,44.5,45.2,50.6,32,35.7,2015
St. Bonaventure,A10,36,24,54.1,48.4,18.9,19.7,35,29,37.9,33.9,47.1,45.3,31.4,36.2,2015
Davidson,A10,36,24,54.1,52,14.2,15.8,24.9,30.8,32.3,30.6,51.1,52.2,35.5,34.3,2016
Duquesne,A10,36,24,54.1,49.4,18.9,15.6,27.9,28.4,33.6,38.6,53.1,42.8,36.6,40.2,2016
Fordham,A10,36,24,54,51.4,20.4,22.4,30.4,26.9,33.6,40.5,51.2,52.3,34.6,33.4,2016
George Mason,A10,36,23,54,48.4,18.6,10.2,33.5,22.8,34.4,30,45.7,46,29.2,35.3,2016
George Washington,ACC,36,23,54,48.7,16.5,17.5,34.4,27.9,39.1,27,48.4,48.2,37.1,33,2016
La Salle,ACC,36,23,53.9,53.3,18.8,19.1,24.9,34.3,30.9,34.9,45.4,51.1,33.6,38.1,2016
Massachusetts,ACC,36,23,53.9,48.3,17.5,17.1,25.9,30.4,36.5,40.2,48.8,49,33,31.3,2016
Rhode Island,ACC,36,23,53.9,47.6,17.5,18.8,30.6,26.3,37.6,39.6,48.3,46.6,36.5,33.3,2016
Richmond,ACC,36,23,53.9,50.9,14.7,18.2,23.2,31.7,35.2,36.1,55.4,49.4,35.6,36,2016
Saint Louis,ACC,35,23,53.8,50,19.5,18.5,20.7,27.9,37.8,39.3,46.9,50.5,32.8,32.8,2016
St. Bonaventure,ACC,35,23,53.8,49.6,16.5,19,31.3,33.4,37.5,37.4,48.8,50.5,37.3,32.1,2016
Davidson,ACC,35,23,53.7,49.7,17.4,17.1,25.1,26.9,31.5,33.4,51.9,45.8,34.1,38.1,2017
Duquesne,ACC,35,23,53.7,49.9,20,17.6,29,30.2,37.1,33.3,48.3,47.9,33.4,35.9,2017
Fordham,ACC,35,23,53.7,53,19.7,25.6,23.4,31,26.7,43.5,47.4,52.3,33.2,36.1,2017
George Mason,ACC,35,22,53.6,48.6,18.7,14.2,31.6,24.5,39.7,27.7,48.5,48.4,34.2,32.7,2017
George Washington,ACC,35,22,53.6,50.2,19.3,16.2,32.7,26.4,36.6,26.9,45.6,48.9,37.1,35.4,2017
La Salle,ACC,35,22,53.6,54.3,18.6,17.7,25.7,27.6,38.3,33.1,52.4,51.3,36.4,39.4,2017
Massachusetts,ACC,35,22,53.6,46.9,20.3,19.6,28.1,30.2,34.6,44.5,53.3,44.5,29.7,34.5,2017
Richmond,ACC,35,22,53.5,49.9,16.2,20,20.7,30.7,31.6,34.6,55.6,50.9,34.2,32.1,2017
Saint Joseph's,ACC,35,22,53.5,51.2,17,18,29.8,26.6,40.1,32.5,45.7,50.3,32.4,34.9,2017
Saint Louis,ACC,35,22,53.5,50.6,20.3,16.9,24.2,27.3,34.4,38.5,44.3,48.9,34.2,35.6,2017
St. Bonaventure,ACC,35,22,53.5,49.9,17.6,20.9,33,31,42.4,41.5,48.5,48.1,34.8,35.3,2017
Dayton,ACC,35,22,53.4,54.4,20.2,18.4,25.8,27.5,31.8,29.2,59.5,52.5,33.7,38.3,2018
Duquesne,ACC,35,22,53.4,50.8,17.6,18.4,33,28.9,35.4,36.4,47.8,51,35,33.5,2018
Fordham,ACC,35,22,53.4,52.3,18.5,21.1,18.8,32.8,26.9,30.4,52.1,52.1,28.8,35.1,2018
George Mason,ACC,35,22,53.4,52.1,18.2,16.1,27.9,26.7,31.8,30.8,49.1,51.5,32.6,35.3,2018
George Washington,ACC,34,22,53.3,51.4,19.2,17.1,31.7,30,28.9,28.1,50.2,50.3,32.1,35.7,2018
La Salle,ACC,34,22,53.2,51.7,16.5,17.5,25.5,25.4,31,33.8,48.8,48.8,32.9,38.1,2018
Massachusetts,ACC,34,22,53.2,51.5,18.6,16.5,27.2,29.7,25.1,33.2,47.9,51.2,40,34.7,2018
Richmond,ACC,34,22,53.2,55.4,16.9,19,23.4,28.3,29.7,31.4,53.2,55.3,33.4,37.2,2018
Saint Joseph's,ACC,34,22,53.1,49.6,13.9,16.2,23.5,24.5,34.6,24.6,47.7,48.9,33.7,33.7,2018
Saint Louis,ACC,34,22,53.1,49.3,19.5,18.3,33.8,27,45.8,35.1,46.6,47.7,32,34.8,2018
VCU,ACC,34,22,53,51.5,18.7,17.8,29,27,28.1,29.4,52.4,50.9,35.2,35.1,2018
Davidson,ACC,34,22,53,48.3,16.7,16.7,23.3,24.8,28.3,30,52.8,47.3,35.6,33,2019
Dayton,ACC,34,21,53,47.9,18.8,16.8,26.9,27.4,32.1,23.8,59.5,47.7,33.2,32.1,2019
Duquesne,ACC,34,21,53,49.9,19.8,21.6,31.9,35.1,35,31.9,51.1,49.5,32.2,33.8,2019
Fordham,ACC,34,21,52.9,49.5,16.4,19.1,25.1,28,24.5,36.9,44.7,49.6,33,32.9,2019
George Mason,ACC,34,21,52.9,50.2,18.9,18.2,29,27.2,34.2,30.6,50.5,51.6,33,32,2019
George Washington,ACC,34,21,52.8,51.2,18.2,17.1,23.4,28.5,32.6,30.2,45.3,49.8,31.1,35.6,2019
La Salle,ACC,34,21,52.8,51.3,20.2,19.8,28.9,28.9,28.5,41.3,45.3,51.2,33.1,34.2,2019
Massachusetts,ACC,34,21,52.8,51.2,20.2,16.8,31.5,27.1,31.3,41.4,50.2,50.6,35,35,2019
Rhode Island,ACC,34,21,52.8,48.7,17.8,20.2,31.3,27.9,36.8,35.7,50,48.8,28,32.3,2019
Richmond,ACC,34,21,52.7,53.1,15.3,18.5,19.1,29.9,30.7,28.7,55.5,54,34.7,34.4,2019
Saint Joseph's,ACC,34,21,52.7,51.7,13.5,15.7,22,24.4,31.7,27.1,47.8,49.9,32.2,36,2019
St. Bonaventure,ACC,34,21,52.7,47.2,18.7,19.8,29.2,28.7,28.2,31.5,47.9,46.2,32.8,32.3,2019
Boston College,ACC,34,21,52.7,49.4,18.8,18.8,26,30.9,35,40.8,52.1,49,32.4,33.5,2015
Clemson,ACC,34,21,52.6,45.6,18.6,17.7,34.1,31.4,34.4,31.2,46.5,43.9,29.9,32.8,2015
Florida St.,ACC,34,21,52.6,47.3,21.9,18,31.8,31.9,46.9,37.9,51.4,46.5,31.3,32.5,2015
Georgia Tech,ACC,34,21,52.6,49.2,19.6,18,38.7,25.8,31.1,33.8,46.1,49.9,26.7,31.9,2015
Miami FL,ACC,34,21,52.6,47.6,15.9,17.3,29.5,29.3,35.5,28.5,47.4,47.1,35.8,32.4,2015
Pittsburgh,ACC,33,21,52.6,50,15.7,17.4,34.3,31.6,34.8,37.8,48.6,49,33.6,34.9,2015
Syracuse,ACC,33,21,52.5,46.4,17.9,21.1,33.5,31.3,35.4,30,48.3,45.9,30,31.4,2015
Virginia Tech,ACC,33,20,52.5,50.8,18.1,18.9,26,36.6,31.9,33.8,47.7,49.6,38.9,35.1,2015
Wake Forest,AE,33,20,52.5,50.9,19.3,17.1,31.8,26.4,41.5,35.2,46.5,51.1,33.6,33.8,2015
Boston College,AE,33,20,52.5,52.4,20,19.5,21.8,28.6,25.9,37,46.9,50,32.3,38.2,2016
Clemson,AE,33,20,52.4,47.9,15.8,18,30.3,30.3,33.3,28.5,49.1,45.5,35.2,34.9,2016
Florida St.,AE,33,20,52.4,50.9,18,18.9,32.8,28.3,37.8,36.7,52.1,48.9,34.1,36.2,2016
Georgia Tech,AE,33,20,52.3,49.1,16.7,14.6,37.5,27.2,31.7,31.7,48.4,49.5,35.7,32,2016
Louisville,AE,33,20,52.3,44.7,17.1,21.6,38.5,29.2,31.8,40.5,51.9,42.8,34.7,32.1,2016
North Carolina St.,AE,33,20,52.3,50.6,16.1,15,36.3,30.4,38.9,29.7,46.9,47.5,34.8,37.4,2016
Virginia Tech,AE,33,20,52.3,49,18,17.9,30.3,31.8,49.4,33.5,49.1,50.1,34.8,31.3,2016
Wake Forest,AE,33,20,52.3,49.5,20.1,15.2,32.7,31.2,43.2,38.6,50.4,49.2,31.6,33.4,2016
Boston College,AE,33,20,52.2,53.2,20.1,17.2,25.6,24.2,29.6,39.6,49.1,53.2,37.4,35.4,2017
Clemson,AE,33,20,52.2,51.9,15.8,20.1,31.4,32.2,34.3,24.1,49.8,51,35.7,35.6,2017
Georgia Tech,AE,33,20,52.1,46,19.3,18.8,27.7,30.8,35.8,27.4,46.9,43.9,32.5,33.1,2017
North Carolina St.,AE,33,20,52.1,51.6,18.5,15.6,29.8,31.4,36.2,30.4,52.4,49.5,35.6,36.9,2017
Pittsburgh,AE,33,20,52.1,51.3,17.6,14.3,28.2,29.5,39.4,26.6,49.6,50.2,36.1,35.6,2017
Syracuse,AE,33,20,52.1,50.3,18,19.7,31.6,34.5,35.1,29.2,51.3,49.6,37.9,34.3,2017
Boston College,AE,33,20,52.1,51.8,18.2,17.6,30.1,26,30.7,27.1,51.1,50.1,35.9,36.1,2018
Georgia Tech,AE,33,20,52.1,49.2,19.2,18.9,30.8,30.6,34.8,31.8,46.6,45.4,31.8,37.9,2018
Louisville,AE,33,20,52.1,47,16.7,18.9,28.6,31.4,31.9,29.3,49.7,45.8,37.1,32.9,2018
Notre Dame,AE,33,20,52.1,49.3,14.7,16.4,31.1,28.8,31,22.6,49.6,47,35.6,35.4,2018
Pittsburgh,AE,33,20,52.1,50.1,20.9,16.6,22.7,34.8,31.9,31.3,47.8,50.1,32.5,33.4,2018
Wake Forest,AE,33,20,52.1,51.5,18.8,17.5,30.5,27.7,31.9,39,47.4,48.1,37.4,37.7,2018
Boston College,AE,33,20,52,48.4,17.5,16.6,28.6,31.5,35,29.4,49.1,48.8,31.7,32,2019
Clemson,AE,33,20,52,47.6,19.7,19.8,27.8,24.5,33.5,30,51.5,44.4,32.8,35,2019
Georgia Tech,AE,33,20,52,45.7,21,18.7,25.3,31.6,34.3,34.8,50.7,46.3,30.7,29.7,2019
Miami FL,AE,33,20,52,52,16.9,19.8,25.9,29.8,30.8,22.7,51.4,51.7,33.3,34.9,2019
North Carolina St.,AE,33,20,52,49.4,17.3,21.5,36,28.8,28.5,38.8,51.6,51,35.2,30.9,2019
Notre Dame,AE,33,19,52,49,14,16.4,29,31.1,30.1,21.8,45.4,48.6,31.5,33.1,2019
Pittsburgh,AE,33,19,52,47.7,19.6,21.3,32.1,32.8,42.3,32.9,46.9,45.8,33.1,33.6,2019
Wake Forest,AE,33,19,52,53.3,19.4,16.1,33.9,27.3,37.6,35.2,44.1,54.7,30.8,34.1,2019
Binghamton,AE,33,19,51.9,52.3,21.6,20.4,26.2,32.5,39.8,33.8,43.9,49.8,30.6,37.5,2015
Hartford,AE,33,19,51.9,50.4,19,20.9,25.3,29.5,29.8,42.1,46,52,32.5,31.6,2015
Maine,AE,33,19,51.9,55.8,21.6,19,23.5,31.7,27.7,36.6,45.5,55.6,32.6,37.4,2015
New Hampshire,AE,33,19,51.9,46,18.7,17.1,27.2,23.7,36.1,42.6,45.9,45.6,37.4,31.1,2015
Stony Brook,AE,33,19,51.9,46,18.6,17.7,37.1,25.4,32.4,32.2,45.1,43,32.1,34.3,2015
UMass Lowell,AE,33,19,51.9,53.9,20.5,23.3,21.6,30.4,34.3,34.1,44.6,54.1,34.9,35.8,2015
UMBC,AE,33,19,51.8,51.2,24.1,19.7,23.5,30.5,37.2,33,45,49.6,32.6,36.1,2015
Vermont,AE,33,19,51.8,43.4,20.1,20.1,26.7,29,42.4,40.4,51.7,42.2,34.9,30.9,2015
Albany,AE,33,19,51.8,48.7,18.4,18.7,34.8,25.6,43.3,27.2,51.8,50.2,32.3,30.9,2016
Binghamton,AE,33,19,51.8,49.6,20.7,18.2,25.3,28.5,36.2,34.4,45,49,28.4,33.7,2016
Hartford,AE,33,19,51.8,53.3,16.3,18.5,18.9,35.8,33.2,41.1,45.6,54,35.4,34.7,2016
Maine,Amer,33,19,51.8,55.5,20.8,21,27.9,32.3,32,38,48.3,55.6,33.9,36.9,2016
New Hampshire,Amer,33,19,51.8,50.2,16.8,15.1,29.5,21.7,36.6,34.5,45,48.6,33.2,35.3,2016
UMass Lowell,Amer,33,19,51.7,54.5,21.3,19.2,25.1,32.9,33.2,38.4,53.2,53.9,36.2,37.1,2016
UMBC,Amer,33,19,51.7,56.6,17.4,19.4,24.9,28.9,42.2,38.8,50.4,56.4,33.1,38,2016
Vermont,Amer,33,19,51.7,49.3,19.2,16.7,28.5,28.2,38.2,37.4,52.6,46.3,38.2,37,2016
Albany,Amer,33,19,51.7,51.2,18.3,17.5,33,23.6,33.4,31.4,50.3,50.7,37.1,34.7,2017
Binghamton,Amer,33,19,51.7,52.2,18.6,17.1,23.5,28.2,30.8,32.2,47.1,51.3,34.4,35.7,2017
Hartford,Amer,33,19,51.6,51.9,20.4,18.4,24.7,34.3,32.6,34.9,45,48.7,33.9,38.9,2017
Maine,Amer,33,19,51.6,53,19.1,16.6,26.9,28.8,29.6,33.5,44.8,52.2,31.2,36.4,2017
New Hampshire,Amer,33,19,51.6,49.9,18.3,14.6,27.2,21.7,34.1,29.3,49.5,50.1,34.2,32.9,2017
Stony Brook,Amer,33,19,51.6,50.7,15.2,19.7,29.5,28.8,32.8,40.1,45.7,47.5,32.7,37.5,2017
UMass Lowell,Amer,33,19,51.5,53.4,20.8,17.8,27.1,30.7,31.5,38.1,53.1,52.3,38.4,37,2017
UMBC,Amer,33,19,51.5,52.4,16.3,17.7,24.4,27.3,35,35.1,51.5,52.2,38.5,35.2,2017
Albany,Amer,33,19,51.5,50.6,17.5,17,34.6,24.3,37,27.1,48.7,51.6,36.8,32.6,2018
Binghamton,Amer,33,19,51.5,51.6,18.3,17,25.9,26.7,30,32.4,48.1,48.2,34.8,38.7,2018
Hartford,Amer,33,19,51.5,51.1,18.1,18.1,24.9,28.5,31.2,33.4,53.6,50.8,34.4,34.4,2018
Maine,Amer,33,18,51.5,51.4,21.8,18.1,25.5,30.7,29.2,36.7,47.1,51.3,29.6,34.4,2018
New Hampshire,Amer,32,18,51.5,50.8,17.4,13.7,28.4,21.4,30.5,41.5,44.3,50.6,32.6,34.1,2018
Stony Brook,Amer,32,18,51.4,50.5,20,20.8,30.5,28.2,32,41.8,47.5,49.1,32.2,35.3,2018
UMass Lowell,Amer,32,18,51.4,55.4,18.7,20.3,26.3,32.5,39.2,33.5,52.4,55,34.4,37.5,2018
Vermont,Amer,32,18,51.4,50.6,16.9,16.8,26,22.6,41.8,25,53.8,49.9,39.9,34.6,2018
Albany,Amer,32,18,51.3,52.1,20.9,18.5,27.3,28.3,32.5,30.2,46.9,51,34.8,35.9,2019
Binghamton,Amer,32,18,51.3,52.3,18.5,16.7,20.9,31.7,24.3,25.2,48.4,49,33.9,38.4,2019
Hartford,Amer,32,18,51.3,52.6,17.8,19.3,25.3,31,33.1,29.9,51.5,53.2,38.2,34.4,2019
Maine,Amer,32,18,51.2,55.3,22.2,19.1,25.9,27.2,25.6,38.6,49.9,52.7,31,38.7,2019
New Hampshire,Amer,32,18,51.2,51.5,18.4,16.9,21.5,24.7,21.9,38,39.4,52.1,32.6,33.6,2019
Stony Brook,Amer,32,18,51.2,46,20.7,18.6,33.2,26.1,35.4,36.2,47.7,46.6,32.6,30.1,2019
UMass Lowell,Amer,32,18,51.2,52,19.6,17.9,27,29.8,34.1,32.6,55.1,54.7,34.3,31.6,2019
UMBC,Amer,32,18,51.2,51.4,18.3,22.9,24.5,24.4,31.1,32.9,49.5,51.8,31.3,34,2019
Connecticut,Amer,32,18,51.2,45.2,18.6,17.9,30.2,30.5,32.3,32.6,48.4,42.8,35.4,33.2,2015
East Carolina,Amer,32,18,51.2,50.9,18,19.2,28.2,34.7,29.9,34.1,45.2,53,35.6,31.6,2015
Houston,Amer,32,18,51.2,49.1,20.5,19.9,33.6,33.7,31.5,33.2,45.2,48.4,32,33.7,2015
Memphis,Amer,32,18,51.2,44.4,20.2,19.2,37,31.6,31.6,38.7,48.1,43.8,32.8,30.4,2015
South Florida,Amer,32,18,51.2,49.1,20.9,18.8,31.3,34.8,31.6,42.5,47.7,45.4,30.9,37.4,2015
Temple,Amer,32,18,51.1,44.5,14.6,18.8,31.8,29.2,35.6,33.5,43.4,43.3,30.4,31.4,2015
Tulane,Amer,32,18,51.1,49.9,19.9,20.3,32.6,29.3,34.7,36.1,45.5,49.6,32,33.7,2015
Tulsa,Amer,32,18,51.1,45.5,17.7,19.7,30.8,28.5,41.4,30.9,46.5,42.8,32.3,33.3,2015
UCF,Amer,32,18,51.1,51.3,19.7,15.8,30.7,36.8,35.1,27.2,47.6,50.3,34.5,35.6,2015
East Carolina,Amer,32,18,51.1,51.2,19.4,18.4,28.8,32.3,34.6,26.8,47.8,52.2,33.9,33.1,2016
Houston,Amer,32,18,51,47.3,15.4,18.4,35.8,33.3,34.4,36,52.1,48.3,34.8,30.3,2016
Memphis,Amer,32,18,51,44.9,16.4,18.9,32.4,29.6,41.9,38.4,45.1,44.6,32.4,30.5,2016
SMU,Amer,32,18,51,46.6,18.8,18.3,41.2,28.5,33.8,30.4,52.5,44.6,42,33.1,2016
South Florida,ASun,32,18,51,47.2,21.9,14.3,34.6,32.5,33,35.6,46.2,46.9,28.6,31.9,2016
Tulane,ASun,32,18,51,48.4,19.5,18.4,32.1,29.8,31.3,36.2,45.5,46.4,30.1,35.2,2016
UCF,ASun,32,18,51,47.1,21.3,13.4,31.3,30.5,37.2,25.1,50.1,46.4,31.8,32.3,2016
Connecticut,ASun,32,18,50.9,45.6,18.7,16.1,29.9,30.5,34.5,32,46.1,43,35.4,33,2017
East Carolina,ASun,32,18,50.9,44.7,20.8,17,30.7,31.1,37.4,27.2,44.5,42.6,32,32.5,2017
Houston,ASun,32,18,50.8,47.1,14.9,20.7,31.8,30.7,28.6,36.8,47.7,45.7,39.4,32.9,2017
Memphis,ASun,32,18,50.8,48.8,16.3,19.3,31.6,30.6,36.7,33.2,51.1,47.7,29.5,33.7,2017
South Florida,ASun,32,18,50.8,51,23.5,19.1,30.6,34,30.7,40.1,45.9,45.1,34.6,39.6,2017
Temple,ASun,32,17,50.8,49.1,16.6,18.3,27.5,32.2,26.4,32.1,47,47.7,35.6,34.3,2017
Tulane,ASun,32,17,50.8,53.7,18.8,19.7,29.3,32.5,34.3,40.8,45.2,51.9,32.4,38.1,2017
Tulsa,ASun,32,17,50.7,50.4,21.8,18.4,29.5,28.3,42.8,33.1,47.2,48.2,34.3,35.9,2017
UCF,ASun,32,17,50.7,42.7,22,14.7,32.6,25.5,39.9,22.3,48.9,39.9,35.2,31.3,2017
Connecticut,ASun,32,17,50.7,51.1,18.5,18.3,29.4,32.7,32.4,33.9,46.6,48.5,32.6,36.4,2018
East Carolina,ASun,32,17,50.7,51.5,20.6,17.3,27.8,32.5,28.7,31.1,49.6,50.6,30.5,35.3,2018
Memphis,ASun,32,17,50.7,50.8,20.4,18.9,35.1,33.7,43.6,32.4,52.3,47.6,31.7,37,2018
SMU,ASun,32,17,50.7,49.5,18,21.7,32.7,31.7,30.5,30.6,48.7,48.6,37.9,33.8,2018
South Florida,ASun,32,17,50.7,51.1,21.4,16.5,28.8,30.6,33.1,32.6,44.8,52,36.1,33,2018
Temple,ASun,32,17,50.7,49.8,15.9,18.7,27.7,32.4,25.6,31.5,47.2,50.5,35,32.4,2018
Tulane,ASun,32,17,50.6,50.5,18.8,17.2,27.5,30,34.5,34.6,50.9,49.8,35,34.5,2018
Tulsa,ASun,32,17,50.6,49.5,18.6,17.9,32,29.6,41.6,25.3,49.7,47.9,34.7,34.4,2018
UCF,ASun,32,17,50.6,45.7,20.7,18.9,28.5,28.6,43.1,26.2,47.1,43.7,32.9,33.1,2018
Connecticut,ASun,32,17,50.5,49.6,18.5,20,32.3,30.2,32.7,39.2,50.7,49.2,34.4,33.5,2019
East Carolina,ASun,32,17,50.5,51,19,19.5,28.2,31,35.6,41.8,47.7,52,28.4,32.9,2019
Memphis,ASun,32,17,50.4,48.6,19.8,21.3,33.4,30.9,37.3,37.5,52.5,48.9,32.2,32.2,2019
SMU,ASun,32,17,50.4,50,16.6,17.5,33.4,31.6,27.8,29.5,51.3,48.2,34.1,35.1,2019
South Florida,ASun,32,17,50.4,48.4,22.6,21.9,36.3,26.8,48.1,43.1,48.5,48.2,33.3,32.5,2019
Tulane,ASun,32,17,50.4,50.6,21,15.1,27,30.9,32.8,31.6,46.7,50.7,31.8,33.6,2019
Tulsa,ASun,32,17,50.3,48.1,18,17.6,23,29.4,43.4,30.3,51.3,47.3,34,32.8,2019
Wichita St.,ASun,32,17,50.3,47.6,17.4,17.6,32.5,26.9,28.8,38.8,47.1,46.5,31,33,2019
Florida Gulf Coast,ASun,32,17,50.3,45.3,17.7,17.3,34.4,32.1,33.1,34.6,47,45.8,33.9,29.6,2015
Jacksonville,ASun,32,17,50.3,54.5,18.6,19.1,27.7,33.8,39.3,38.8,43.1,54.1,35.8,36.8,2015
Kennesaw St.,ASun,32,16,50.3,50.7,21.3,16.2,29.6,35.1,29.8,35.7,44.1,51.1,31.5,33.4,2015
Lipscomb,ASun,32,16,50.3,54.1,18.7,17.8,29.2,29.4,39.7,47,47.5,51.8,32.6,38.3,2015
Northern Kentucky,ASun,32,16,50.3,50.6,17.8,16.6,28.5,30,30,45.3,51.9,49.2,33.4,35.5,2015
Stetson,ASun,32,16,50.3,51.6,18.3,16.4,26.1,35.1,34.1,31.5,48.3,49.1,31.8,37.1,2015
USC Upstate,ASun,32,16,50.2,47.1,16.9,20.3,35.2,33.5,30.4,30.3,49.2,46.6,33.2,31.9,2015
Jacksonville,B10,32,16,50.2,53.6,15.4,17.4,27,26.1,31.4,33.5,45,52.7,38.9,36.6,2016
Kennesaw St.,B10,32,16,50.2,53.2,18.5,18,28.3,34.6,33.5,39,47.2,54,35.1,34.5,2016
Lipscomb,B10,32,16,50.2,52.9,18.6,17.7,26.9,30.2,34.7,35.8,50.5,51.1,35.2,37,2016
NJIT,B10,32,16,50.2,51.3,18.2,19.2,26.8,31.1,33.7,35.7,51.1,50.6,35.1,34.9,2016
North Florida,B10,32,16,50.2,51.8,15.3,14.4,24.1,33.4,28.7,27.1,54.7,51.8,40.9,34.6,2016
Stetson,B10,32,16,50.1,54.5,16.8,15.7,25.2,32.9,33.8,30.8,49.4,54.7,36.2,35.9,2016
USC Upstate,B10,32,16,50.1,54.6,20.2,15.1,33.1,31.9,30.9,36.6,48.4,53.1,35.7,38.1,2016
Jacksonville,B10,32,16,50.1,56.6,18.5,20.9,26.3,28.5,34.6,36.8,50.4,56.5,38.8,37.8,2017
Kennesaw St.,B10,32,16,50.1,53.8,18.9,17.5,31.1,28.5,30.6,36.2,47.7,52.8,41.2,37.3,2017
Lipscomb,B10,32,16,50.1,52,20.1,20.3,28.3,30.9,41.2,44.2,55.7,50.9,36,36,2017
NJIT,B10,32,16,50.1,55.2,19.7,18.4,30.5,25.2,33.3,36.3,47.7,53.7,33.4,38.4,2017
North Florida,B10,32,16,50.1,52.7,22.2,16.7,33.3,31.8,34.9,35,50.7,51.6,34.7,36.6,2017
Stetson,B10,32,16,50.1,52.9,14.9,15.1,21.1,33,32.6,32.2,49.9,52.6,33.4,35.6,2017
USC Upstate,B10,32,16,50,50.7,17.9,14.5,30.2,30.2,31.9,29.9,52.8,51.2,34.6,33.2,2017
Florida Gulf Coast,B10,32,16,50,49.9,19.5,18.9,31.3,26.7,33.4,35.1,54.9,49.2,37.3,34,2018
Jacksonville,B10,32,16,50,51.9,19.2,17.8,25.9,29.7,30,28.4,48.8,53.3,33,33,2018
Kennesaw St.,B10,32,16,50,54.2,19.2,18.8,29.6,33.6,35,32.9,47.5,56.8,36.9,32.8,2018
NJIT,B10,32,16,50,53,18.5,20.3,30,28.6,32.9,33.7,48.1,51.9,35.3,36.9,2018
North Florida,B10,32,16,50,54,19.3,13.7,25,35,27.7,23.5,51.5,54.3,37.5,35.4,2018
Stetson,B10,32,16,49.9,54.6,14.9,18.5,23.2,27.5,25,37,48.7,53.6,32.9,37.4,2018
USC Upstate,B10,32,16,49.9,59.5,16.1,15,27,30.8,21.6,36.1,49.3,56.7,34.1,43.1,2018
Florida Gulf Coast,B10,32,16,49.9,52.1,21.2,19.2,25.6,30.8,31.9,27.4,50.7,49.9,36.9,36.8,2019
Jacksonville,B10,32,16,49.9,52.1,19.9,18.2,28.3,27.4,30.5,28.8,51,50.3,31.2,37,2019
Kennesaw St.,B10,32,16,49.9,53.7,19,17.1,29.2,30.8,30.1,27.7,39.1,53.7,31.4,35.9,2019
Lipscomb,B10,32,16,49.9,48.4,17.8,19.6,26,23.8,36.3,27.9,53.8,48.5,37.5,32.1,2019
NJIT,B10,32,16,49.9,49,17.1,17.9,21.9,27.1,38.4,29.7,49.8,48.8,34.8,32.8,2019
North Alabama,B10,32,15,49.8,52.6,19.3,17.2,27.3,25.1,30.8,38,44.4,52.6,29.7,35.1,2019
North Florida,B10,32,15,49.8,48.1,21.8,16.9,29.4,32.7,25.3,30.6,53.2,47.4,33.9,33.2,2019
Stetson,B10,32,15,49.8,54.5,17.5,18,27.9,32,25,33,45,54.2,31,36.6,2019
Illinois,B10,31,15,49.8,48,15.2,19.7,30.2,28,31.2,30.4,44.4,47.3,35.5,32.9,2015
Michigan,B10,31,15,49.8,50.9,15.6,19.4,25.5,31.2,26.6,26.7,47,50.8,35.3,34,2015
Minnesota,B10,31,15,49.8,50.8,17.7,24.2,30,33.4,32.9,34.5,50.1,48.3,37.2,36.8,2015
Nebraska,B10,31,15,49.8,46.8,19.4,20.6,26.7,30.3,36.5,38.5,48,44.7,28.4,33.4,2015
Northwestern,B10,31,15,49.8,48.4,18.1,15.5,27.6,30.9,28.6,32.8,48.3,43.8,35.9,37.7,2015
Penn St.,B10,31,15,49.7,45.3,18.2,17.8,29.7,31,34.7,41.5,46.8,43.6,33.4,32.6,2015
Rutgers,B10,31,15,49.7,49.8,20.1,18.1,30.5,31.4,32.6,32,43.3,49.3,29.5,33.7,2015
Illinois,B10,31,15,49.7,53.6,14.9,19,21.5,28.1,30.5,26.5,47.5,51,36.3,38.6,2016
Minnesota,B10,31,15,49.7,51.7,16.5,17.8,26.5,29.2,37.1,34.2,45.6,48.7,31,38.2,2016
Nebraska,B10,31,15,49.7,50.1,17.4,19.7,31.8,28.1,32.6,39.7,49.4,47.5,34.7,36.7,2016
Northwestern,B10,31,15,49.7,46.5,15.8,16.4,30.5,28.3,28.4,35,51.6,43.4,35.8,34.5,2016
Ohio St.,B10,31,15,49.7,46.6,18.8,17.1,30.2,29.1,36,30.4,49,44.5,33.4,33.4,2016
Penn St.,B10,31,15,49.7,48.8,16.9,17.6,28.7,29.4,34.5,42.5,45.9,45.5,31.7,36.6,2016
Rutgers,B12,31,15,49.7,52,18.9,16.1,25.3,35.9,34.5,29.7,44.9,49.9,32.2,37.4,2016
Illinois,B12,31,15,49.6,49.9,18.3,18.5,28.6,26.3,32.5,30.1,48.5,49.6,36.1,33.7,2017
Indiana,B12,31,15,49.6,48.7,21.4,15.7,36.4,28,34.1,36.8,54.1,47.7,38,33.7,2017
Iowa,B12,31,15,49.6,51,18.6,19.1,31.8,32.3,34.9,27.5,49.9,49.5,37.9,35.8,2017
Nebraska,B12,31,15,49.6,52,18.6,19.3,33.7,29.9,30,33.3,45.3,47.5,31.8,40.7,2017
Ohio St.,B12,31,15,49.6,48.9,19.2,17.5,29.7,28.8,38.1,29.4,51.6,45.7,35.6,35.6,2017
Penn St.,B12,31,15,49.5,49.2,17.9,20.3,26.6,30.6,32.8,31.2,45.4,46.5,33.9,36.3,2017
Rutgers,B12,31,15,49.5,47.5,19.7,18.9,37.5,30.1,31.2,31.2,44.5,46.6,30.2,32.7,2017
Illinois,B12,31,15,49.5,53.3,18.8,23.2,34,31.3,33.1,47.9,49.8,54.1,33.2,34.5,2018
Indiana,B12,31,15,49.5,50.8,18.2,19.7,31.8,29.5,36.4,32.2,52.5,48.4,32.2,36.7,2018
Iowa,B12,31,15,49.5,53.1,18.7,15.5,34.1,28,35.4,28.1,53.3,51.2,37.5,37.6,2018
Maryland,B12,31,15,49.5,47.5,20.4,16.3,31.4,28.2,37.9,24,53.9,45.6,36.8,33.8,2018
Minnesota,B12,31,15,49.5,50.5,15.5,16,30,29.5,35.1,27.1,47.1,47.3,34.6,37.5,2018
Nebraska,B12,31,15,49.4,47,16,18.3,30.1,34,37.6,26.5,47.6,46.5,34.6,32.2,2018
Northwestern,B12,31,15,49.4,51,17.8,19,29.4,27.7,29.1,37,47.1,48.9,35.4,36.2,2018
Penn St.,B12,31,15,49.4,48.3,17.3,19.5,31.7,28.2,31.5,32.1,49.8,46.7,38.7,34.2,2018
Rutgers,B12,31,15,49.4,48,17.2,20.5,33.3,29.1,30.5,30.8,43.4,47.6,29.6,32.5,2018
Wisconsin,B12,31,14,49.4,51.2,16.8,18.4,28.4,27.7,32.7,30.2,51.2,50.6,33.5,35,2018
Illinois,B12,31,14,49.4,52.2,18.4,21.8,29.1,31.9,29.5,42.4,48.2,53.6,34.5,33,2019
Indiana,B12,31,14,49.4,48.2,17.9,18.1,28.1,28.1,34.6,29.2,53.1,47.3,31.2,33.1,2019
Nebraska,B12,31,14,49.3,48.1,14.3,19.3,28.5,32.1,33,30,48.6,46.9,33.4,33.8,2019
Northwestern,B12,31,14,49.3,46.7,16.1,17.9,24.2,26.3,30.2,34,46.4,48,31.3,29.3,2019
Penn St.,B12,31,14,49.3,49.9,18.1,19.6,31.9,26.3,32.3,34.1,47.2,48.4,32,35.4,2019
Rutgers,B12,31,14,49.3,49.2,19.1,17.4,33.4,27,31.7,32.4,47.2,47,31.2,35.3,2019
Kansas St.,BE,31,14,49.3,49.7,20.9,20.2,34,31.4,46,41,46.9,49.5,33.5,33.5,2015
TCU,BE,31,14,49.3,44.1,18.4,20,37.5,33.4,46.5,48,47.5,42.2,32.7,33.5,2015
Texas Tech,BE,31,14,49.3,49.2,21.8,20.1,34.6,32.6,46.1,36.5,44.5,48.2,32.3,33.9,2015
Kansas St.,BE,31,14,49.3,49,20.3,20.8,37,31,42.5,40.4,48.7,50.4,30,31,2016
Oklahoma St.,BE,31,14,49.2,47.1,19.1,17.5,28.8,32.3,38.3,40.9,47.8,44.7,32.8,34.2,2016
TCU,BE,31,14,49.2,50.9,20.7,21.1,29.3,31.5,45.6,41.4,43.7,50.2,33.5,34.8,2016
Oklahoma,BE,31,14,49.2,50,19,18.5,30.8,29.8,36.7,33.5,45.7,47.1,34.3,36.5,2017
TCU,BE,31,14,49.2,50.4,18.8,18.7,34.1,29.3,32.2,30.9,52.2,48.3,35.7,36.3,2017
Texas,BE,31,14,49.2,48.1,19.6,18.3,28.4,31.2,34.5,30,51.3,47.7,29.2,32.5,2017
Texas Tech,BE,31,14,49.2,50.8,16.5,20.3,30,25.7,35.6,35.6,51.9,48.9,36.7,35.5,2017
Baylor,BE,31,14,49.1,47.7,19.8,17.2,35.5,29.7,32.2,30.2,51.3,46.2,35.4,33.4,2018
Iowa St.,BE,31,14,49.1,51,17,16.4,29.5,30.6,29.8,26.5,47.9,51,35.8,33.9,2018
Oklahoma St.,BE,31,14,49.1,50,18.1,20.3,34.2,31.1,32.2,35.6,48.3,47.5,34.8,36.7,2018
Oklahoma St.,BE,31,14,49.1,50.3,18,17.6,26.4,29.4,30.6,31.5,46,48.3,37.2,35.4,2019
TCU,BE,31,14,49.1,48.4,19.2,18.6,31.2,28.7,31.7,27.7,52.3,49.9,34.6,30.4,2019
Texas,BE,31,14,49.1,48.7,16.2,18.9,28.1,29.5,29.7,29.7,49.8,46.2,34.8,35.4,2019
West Virginia,BE,31,14,49.1,52.4,21.3,18.5,36.9,28.7,38.9,38,47.6,51.3,31.6,36.1,2019
Creighton,BE,31,14,49.1,50.5,18.4,17.1,31.3,28.1,36.3,33.4,47.6,46.9,34.6,38,2015
DePaul,BE,31,14,49.1,50.8,19.8,18.8,27.4,35.5,36.5,48.7,49.2,52.7,35.2,31.2,2015
Marquette,BE,31,14,49.1,49.2,19.3,21,29,36.4,35.8,30.3,48.8,46.4,34.4,36,2015
Seton Hall,BE,31,14,49.1,47.7,18.7,18,34.7,33.2,38.1,38,46,49,35,30,2015
Creighton,BE,31,14,49,49,16.1,17.5,27.3,26.1,37.5,33.5,54.5,47.5,35.2,34.6,2016
DePaul,BE,31,14,49,51.4,21.5,17.8,30.7,29.9,36.5,44.8,48.6,49.2,34.3,36.4,2016
Georgetown,BE,31,14,49,46.6,19.1,16.3,28.3,28.4,37.9,49.3,51.4,44.1,33.9,34.9,2016
Marquette,BE,31,14,49,48.7,20,19,28.1,30.7,40.5,28,52.4,47.2,33.9,34.3,2016
St. John's,BSky,31,14,49,51.1,20.9,20.1,27.5,30.9,38,43.3,44.1,49.1,32,36.6,2016
DePaul,BSky,31,14,49,53.8,20.4,20,29.9,30,35.6,40.2,47.7,53.6,32.6,36.1,2017
Georgetown,BSky,31,13,49,47.4,20.1,17.3,29,30.5,42.6,38.8,51.8,46.8,34.9,32.4,2017
St. John's,BSky,31,13,49,52.4,17.7,20.5,27.4,32.8,36.2,39.3,47.5,50.5,36.4,37.4,2017
DePaul,BSky,31,13,48.9,52,19.4,20.2,32.9,28.1,29.4,32.3,48.5,49.2,31,37.1,2018
Georgetown,BSky,31,13,48.9,50.8,20.7,17,31.3,26,38.3,28.3,50.1,49.9,36.6,34.8,2018
Marquette,BSky,31,13,48.9,53.8,17.3,18.1,27.6,29.6,28.8,38.9,52.2,53.8,41.7,35.9,2018
St. John's,BSky,31,13,48.9,50.3,16.4,22.2,23.6,32,30.4,34.4,48.8,46,33.3,37.4,2018
Butler,BSky,31,13,48.9,52.7,16.1,18.9,25.7,27.6,25.2,36.3,51.4,52.2,35.3,35.7,2019
Creighton,BSky,31,13,48.9,52.8,18.6,19.1,24.7,26.8,29,27.9,55.7,52.9,37.9,35,2019
DePaul,BSky,31,13,48.9,53.2,18.8,17.7,32.7,25.6,36.1,30.9,53.3,51.2,34.3,37.3,2019
Georgetown,BSky,31,13,48.9,50.2,17.9,16.3,29.1,26.2,38.2,30.3,49.6,49.6,35.6,34,2019
Providence,BSky,31,13,48.8,49.7,18.7,20.2,31.8,28.3,39.1,32.8,47.5,48.8,32.6,34.1,2019
Xavier,BSky,31,13,48.8,50.7,19.6,16.2,32.2,27.2,32.6,24.9,54.7,48.7,33.1,35.6,2019
Idaho,BSky,31,13,48.8,53.6,17.5,15.4,30.7,27,38.6,41.5,49.2,53,41,36.3,2015
Idaho St.,BSky,31,13,48.7,52,18.7,18.7,29.9,32.2,37,34.8,46.6,49.3,34.9,37,2015
Montana,BSky,31,13,48.7,51.3,18,19.9,27.6,28.7,33.3,43.6,52.9,49.4,36.6,36.1,2015
Montana St.,BSky,31,13,48.7,53,20.6,17,29.1,28.2,28.7,44.8,42.4,50.4,35.6,39.4,2015
North Dakota,BSky,31,13,48.7,53.2,17.9,18.1,24.7,29,38.5,42.3,47.8,51.2,33.1,38.6,2015
Northern Arizona,BSky,31,13,48.7,48.6,17.7,16.7,35.3,26.8,36.4,38.4,42.9,49.1,34.8,31.7,2015
Northern Colorado,BSky,31,13,48.7,55.7,16.2,20,33.6,34.3,35.1,40.4,51.4,52.9,37.5,40.2,2015
Portland St.,BSky,30,13,48.7,52.7,16.4,17.5,27.6,32.1,37.2,31.4,45.5,50.2,37.3,38.5,2015
Sacramento St.,BSky,30,13,48.7,53.8,16.6,19.6,27.2,33.3,35.5,32.3,50.9,54.7,40.8,34.8,2015
Southern Utah,BSky,30,13,48.6,51.5,20.1,15.7,22.6,29.3,38.7,50.6,48.4,49.6,39.7,37.2,2015
Weber St.,BSky,30,13,48.5,50.8,20.5,16.6,28.8,30.2,46,31.5,45,49.6,34.9,35.9,2015
Eastern Washington,BSky,30,13,48.5,54,16.1,15.9,26.7,29.2,35.9,37.9,55.4,53.3,38.4,37.4,2016
Idaho,BSky,30,13,48.5,49.5,22.7,18.9,34.4,25.3,44.6,41.7,46.1,48.1,36.3,34.3,2016
Idaho St.,BSky,30,13,48.5,51.7,18.3,17.4,24.7,28.4,38.5,35.4,48,52.2,35.7,34,2016
Montana,BSky,30,13,48.5,49.5,18.3,18.7,28.4,24.9,36.8,45.3,51.8,49.5,37.3,33,2016
Montana St.,BSky,30,12,48.4,53.9,17.3,16.9,33,27.5,30.7,46.3,47.2,53.4,37.2,36.5,2016
North Dakota,BSky,30,12,48.4,51.2,18.1,19.6,23.8,25.9,39.3,38.6,48.7,51,36.7,34.4,2016
Northern Arizona,BSky,30,12,48.4,56.2,18.1,17.5,22.3,29.6,36.1,34.3,42.3,53.9,33.4,39.9,2016
Northern Colorado,BSky,30,12,48.4,55.9,19.9,17.7,29.2,29.8,43.4,48.4,48.8,54.4,36.4,38.8,2016
Portland St.,BSky,30,12,48.4,53.3,17.4,19.1,28.7,30.7,33.9,32.8,52.7,51.4,31.5,38.3,2016
Sacramento St.,BSky,30,12,48.4,50.1,16.7,17.6,26.3,31.2,34.9,37.9,49.2,50.9,33.1,32.5,2016
Southern Utah,BSky,30,12,48.3,57.7,18.8,17.4,23.9,31.2,35.4,45,46.5,55,36.4,42.2,2016
Eastern Washington,BSky,30,12,48.3,51.2,17.1,14.5,27.3,27.8,34.8,36.9,53.7,48.2,36.8,37.7,2017
Idaho,BSky,30,12,48.3,49,18.7,17.7,30.3,25.9,39.9,43,47,46.6,36.4,34.7,2017
Idaho St.,BSky,30,12,48.3,56.5,19.3,18.2,22,32.4,38.1,34.2,48.2,54.3,35.6,39.9,2017
Montana,BSky,30,12,48.3,52,15.6,18.2,28,26.8,33,44.4,49.9,52.1,35.7,34.5,2017
Montana St.,BSky,30,12,48.2,52.3,16.6,18.4,27.2,27.7,36.3,50.6,47.7,50.1,37.2,37.2,2017
Northern Arizona,BSky,30,12,48.2,52.9,20.4,16.7,31.3,26.9,33.2,32.8,46.1,54.2,31.7,33.9,2017
Northern Colorado,BSky,30,12,48.2,52.2,20.3,18.2,27.4,25.4,34.4,34.5,50.6,52,34.3,35,2017
Portland St.,BSky,30,12,48.1,56,16.1,22.2,25.7,31.3,38.1,36.8,53.9,56.2,33.4,37.2,2017
Sacramento St.,BSky,30,12,48.1,52.3,16.8,15.8,27.4,29.3,37.3,33.1,51.1,49.5,31,38.5,2017
Southern Utah,BSky,30,12,48.1,56.6,18.4,16.7,29.4,29.4,40.3,51.3,43,54.2,36.3,40.2,2017
Weber St.,BSky,30,12,48.1,50.6,16.9,16.5,21.4,30.3,42.9,29.5,53,49.8,40.3,35.2,2017
Eastern Washington,BSky,30,12,48.1,51,16.8,16.9,21.6,25,28,35.4,52,49.6,37.9,35.8,2018
Idaho,BSky,30,12,48.1,50.1,19.4,16.1,31.1,24.2,30.4,30.2,50.3,48.1,41.1,35.2,2018
Idaho St.,BSky,30,12,48,52.5,18.5,16.7,19.8,28.1,34.5,31,52.4,53.1,39.4,34.3,2018
Montana St.,BSky,30,12,48,54.9,17.1,18.4,28.7,27.7,39,36.4,46.1,55.9,33.8,35.5,2018
North Dakota,BSky,30,12,48,56.4,17.4,19.7,19.8,29.5,35.5,34.1,51.4,56,35.1,38,2018
Northern Arizona,BSky,30,12,48,55.3,22,19,27,29.5,42.6,37,44.5,52.6,30.5,39.4,2018
Northern Colorado,BSky,30,12,48,48.8,16.7,17.3,25.6,24.4,33.7,36.7,54,48.7,35.5,32.8,2018
Portland St.,BSky,30,11,48,55,16.5,22,34.7,30.5,33.3,43.3,48.9,54,33.2,38,2018
Sacramento St.,BSth,30,11,47.9,52.7,17.9,17.5,24.1,29.5,27.8,33.4,47.7,50.9,34.6,37.2,2018
Southern Utah,BSth,30,11,47.9,54.6,17.4,16.6,22.6,25.9,35.9,41.6,48.2,53.2,36.1,38.2,2018
Weber St.,BSth,30,11,47.9,50.1,17.5,15.9,19.3,26.8,35.1,31.8,52.5,49.2,41,34.7,2018
Eastern Washington,BSth,30,11,47.9,52.5,17.1,16.6,24.6,23.6,27,34.8,48.9,50.1,34.8,37.4,2019
Idaho,BSth,30,11,47.9,53.7,20,13.3,24.2,32,28.2,33.1,46.5,55.4,37.6,34.3,2019
Idaho St.,BSth,30,11,47.9,56.1,17.6,15,25.8,29.8,28.8,30.6,50.4,54.2,36.2,39.6,2019
Montana St.,BSth,30,11,47.9,57.1,17.1,17.2,26.3,26.6,34.9,28.3,51.1,57.4,37.6,37.8,2019
North Dakota,BSth,30,11,47.8,52.5,17.9,17.3,21,25.4,27.2,30,49.6,52.2,36,35.3,2019
Northern Arizona,BSth,30,11,47.8,55,17,16.6,25.8,26.5,33.8,29.7,49.2,55.9,34.6,35.8,2019
Northern Colorado,BSth,30,11,47.8,51.4,18.4,18.6,27.7,25.6,34.8,28.4,53.6,49.5,34.9,37.1,2019
Portland St.,BSth,30,11,47.8,53.7,19.4,18.8,38.7,28.5,37.3,43.3,48.3,54.6,29.8,34.8,2019
Sacramento St.,BSth,30,11,47.7,52.6,19.1,21.4,28.2,27.1,33.5,36.8,48.3,50.8,33.1,37,2019
Southern Utah,BSth,30,11,47.7,50.4,18.9,16.9,23.2,24.7,39.4,38,50,48,33.7,36.1,2019
Weber St.,BSth,30,11,47.7,49,16,15.8,19.2,26.9,37.1,30.9,53.4,49.7,35.2,31.7,2019
Campbell,BSth,30,11,47.7,52.5,20.1,19,27.5,30.8,35.9,42.4,46.5,52.7,36,34.7,2015
Charleston Southern,BSth,30,11,47.7,52.4,17.2,18.9,33.4,28.5,34.9,32.4,46.7,50.5,33.7,36.7,2015
Gardner Webb,BSth,30,11,47.7,53.4,17.4,17.1,29.8,31.8,37.7,29.1,50.4,51.9,34.6,37.8,2015
High Point,BSth,30,11,47.7,51.3,17.5,19.8,30.6,31.5,34.1,31.5,49.3,49.8,38.6,35.8,2015
Liberty,BSth,30,11,47.6,50.2,24.5,18.1,30.6,32.5,40.2,41.8,45.8,48,31,35.6,2015
Longwood,BSth,30,11,47.6,52.6,20.7,20.8,26.9,35.2,30,45,44.9,50.5,36.9,37.5,2015
Presbyterian,BSth,30,11,47.6,54,20.9,15.9,27.3,33.6,33.3,28.7,48.8,50.6,31.7,38.9,2015
Radford,BSth,30,11,47.6,48.4,18.1,18.8,34.5,32.7,35.4,36.3,50.5,47.8,32.6,33.4,2015
UNC Asheville,BSth,30,11,47.5,49.7,20.8,18.3,31.6,32.2,35.4,43.3,48.2,49,35.2,33.9,2015
Winthrop,BSth,30,11,47.5,47,17.7,19,29.4,32.3,35.9,38.4,49.2,45.9,35.5,32.7,2015
Campbell,BSth,30,11,47.5,53.5,16.4,18.9,22,30.6,41.4,39.3,50.7,52.1,31.7,37.8,2016
Charleston Southern,BSth,30,11,47.5,54,17.9,16.1,24.7,26.9,27.4,37.7,49.4,52.6,33.8,37.4,2016
Coastal Carolina,BSth,30,11,47.5,46.3,18.8,15.3,30.6,29,35.7,31.7,49.1,46.2,33.4,30.9,2016
Gardner Webb,BSth,30,11,47.5,51.4,18.6,18.8,31.6,29.3,34.9,39.7,46,51.1,33.5,34.7,2016
High Point,BSth,30,11,47.5,52.9,15.9,20.6,31.9,31.7,35,32.3,49.8,53.3,38.2,34.7,2016
Liberty,BSth,30,11,47.5,53,21.3,18.1,21,29.5,25.5,43.6,52,52.1,36.1,36.4,2016
Longwood,BSth,29,11,47.4,54.1,20.5,17.3,29.6,28.1,34.3,36.4,49.8,51.6,34.9,38.2,2016
Presbyterian,BSth,29,10,47.4,52.5,21,19,26,31.4,34.8,38.8,47.7,53.3,30.8,34.2,2016
Radford,BSth,29,10,47.4,51.3,19.3,17,34.4,30.1,29,34.3,49.5,51.6,34.4,33.8,2016
Winthrop,BSth,29,10,47.4,47.7,17.8,15.9,26,32,41.1,31.9,53.9,47.1,36.4,32.7,2016
Campbell,BSth,29,10,47.4,50.7,18.7,17.3,24.2,28.9,36.6,38.7,50.2,49.9,35.6,34.7,2017
Charleston Southern,BSth,29,10,47.3,54.3,16.2,16.8,27.4,27.4,35,41.6,48,53.2,33.3,37.3,2017
Gardner Webb,BSth,29,10,47.3,49,20.4,20.4,30.8,28.6,44.7,40.8,50.3,46.8,37.6,35.5,2017
High Point,BSth,29,10,47.3,52.6,19.2,19.6,28.1,28,36.4,33.5,44.8,51,37.5,36.7,2017
Liberty,BSth,29,10,47.3,52.2,16,22,15,24.7,34.2,42.2,50.4,52.1,36.1,34.9,2017
Longwood,BSth,29,10,47.3,55.1,21.9,17.4,21.5,34.1,29,32.2,49.6,52.5,32.5,40,2017
Presbyterian,BSth,29,10,47.3,56.1,23.3,16.9,29,31.9,27.7,36.7,43.2,53.3,33.6,39.6,2017
Radford,BSth,29,10,47.3,51.2,22.4,15.1,33.8,26.9,29.5,30,44.6,49.9,34.6,35.9,2017
UNC Asheville,BSth,29,10,47.2,52.4,16,22.6,24.4,27.3,34.9,31.2,51.8,51.5,39,35.8,2017
Campbell,BSth,29,10,47.2,52,17.2,17.3,20.8,26.5,34,32.5,52.6,51.8,38.1,34.8,2018
Charleston Southern,BSth,29,10,47.2,53.9,19.5,22.1,30.2,28.1,31.3,35.1,49,49.9,32.6,39.2,2018
Gardner Webb,BSth,29,10,47.1,50.4,20.1,17.1,25.2,27.3,28,37.3,48.1,50.8,34,33.2,2018
High Point,BSth,29,10,47.1,50.1,19.1,20.4,30.9,28.9,34.1,40.1,47.6,48.8,35.9,34.8,2018
Liberty,BSth,29,10,47.1,51.4,18.2,18.2,22.9,20.4,33.7,34.4,51.1,47.3,36.8,37.5,2018
Longwood,BW,29,10,47.1,52.4,23,17.6,22.7,30.5,35.3,34.2,45.8,53.2,31.5,34.1,2018
Presbyterian,BW,29,10,47.1,55.3,18.8,17.8,24.9,30,28,29.3,46.8,55.5,34.6,36.7,2018
UNC Asheville,BW,29,9,47.1,52.5,19.4,18.5,24,26.8,31.3,33.9,52,52.4,39.4,35.1,2018
Winthrop,BW,29,9,47,49.7,19.7,18.6,26.2,27.2,35.9,32.1,54.8,48.1,36.5,34.9,2018
Campbell,BW,29,9,47,54.6,14.8,19.5,23.7,28.9,31.2,36,54.8,53.6,33.8,37.3,2019
Charleston Southern,BW,29,9,46.9,50.9,18,21.1,29.1,27.7,27,31.2,48.4,48.8,34.5,35.9,2019
Hampton,BW,29,9,46.9,50.8,14.6,16.3,28.1,26.6,34.8,35.9,47.5,50.5,34.1,34.2,2019
High Point,BW,29,9,46.9,50.3,20.4,16.3,34.1,25.5,33.8,29.1,51,51.5,30.3,32.6,2019
Longwood,BW,29,9,46.9,50.5,20.4,17.4,24.5,25.2,33.6,33.7,50.8,50.5,36,33.7,2019
Presbyterian,BW,29,9,46.9,53.4,14.7,17.9,25.3,27.4,30.5,33.1,50.1,53.5,38,35.4,2019
Radford,BW,29,9,46.8,51.9,16.4,18.1,29.7,24.9,27,30.7,50.1,51.7,38,34.7,2019
UNC Asheville,BW,29,9,46.8,55.7,23.5,18.2,27.7,37.1,26.3,33.7,45.2,56.7,31.7,36.2,2019
USC Upstate,BW,29,9,46.7,53.1,19.9,18.2,24.7,31.3,25.3,39,46.8,54,32.1,34.3,2019
Winthrop,BW,29,9,46.7,51.3,20.2,15.4,28.7,25.5,30.4,30.3,53.3,51.6,36.7,33.8,2019
Cal Poly,BW,29,9,46.7,49.3,14.8,17.3,31.9,28.2,31.5,31.3,42.5,47.3,31.6,35.6,2015
Cal St. Fullerton,BW,29,9,46.7,51.3,19.2,16.6,28.5,27.1,36.7,41,44.9,48.1,31.8,38.7,2015
Cal St. Northridge,BW,29,9,46.7,51,19.5,16.6,28.4,30.5,41.1,35.9,44.3,48.5,33,36.6,2015
Hawaii,BW,29,9,46.7,47.6,18.7,23.4,32.2,34.4,36.7,42,49.3,45.2,32.8,34.8,2015
Long Beach St.,BW,29,9,46.7,49.2,20.2,21,31.5,34,34.4,36.9,46.3,49,33.2,33,2015
UC Davis,BW,29,9,46.6,48.4,20.9,17.9,28.6,33.7,39.3,33.3,51.7,46.5,44.1,34.6,2015
UC Riverside,BW,29,8,46.6,49,20.2,18.7,30.7,28.7,33.7,42.5,45.1,44.6,33,39.7,2015
UC Santa Barbara,BW,29,8,46.6,47.8,16.9,17.9,30.7,29.8,32,39.9,46.6,45.2,37,35.4,2015
Cal Poly,BW,29,8,46.6,53.2,15.1,15.9,30.1,28.3,35.2,40.2,44.9,50,35.4,40,2016
Cal St. Fullerton,BW,29,8,46.6,50.7,19,16.4,29.7,29,43.7,39.7,44.4,48.1,33.3,36.6,2016
Cal St. Northridge,BW,29,8,46.5,51.7,19.4,18.9,27.6,31.3,42.1,36,47.1,47.8,30.2,39.7,2016
Long Beach St.,BW,29,8,46.4,51.1,17.4,19.8,27.7,30.6,37.6,38.7,46.4,50.3,36.7,35,2016
UC Davis,BW,29,8,46.4,48.3,20.7,19.7,25,28.4,33.6,31.8,45.5,48.7,35.9,31.7,2016
UC Irvine,BW,29,8,46.4,44.6,18.2,17.4,29.1,28.2,35.1,34.7,49.3,41.6,36.7,33.2,2016
UC Riverside,BW,28,8,46.3,49.1,19.7,17.2,28.4,28.1,36.8,38.3,47,47.6,34.5,34.8,2016
UC Santa Barbara,BW,28,8,46.3,46.7,18.5,17.5,28.8,27.9,27.4,41.8,48.4,47.8,35.8,30,2016
Cal Poly,BW,28,8,46.3,52.6,16.1,17.7,25.6,30.3,29.4,41.1,45.1,50,33.5,39.8,2017
Cal St. Fullerton,BW,28,8,46.2,49.7,20.7,19.6,30.3,27.5,39.9,42.1,50.6,48.8,30.8,34.3,2017
Cal St. Northridge,BW,28,8,46.2,51.9,17.9,17.8,27.7,31.8,45,41.7,49.4,49.6,33.7,38.4,2017
Hawaii,BW,28,8,46.2,50.8,20.3,20.3,28,28.9,36.9,38.3,48.6,50.9,32.1,33.8,2017
Long Beach St.,BW,28,8,46.2,53.1,19.9,18.6,31.6,33,36.2,37.7,47,51.3,35.1,37.9,2017
UC Irvine,BW,28,8,46.1,44.1,19.9,15.3,31.9,26.4,29.7,40.2,48.2,41.6,35.6,32.7,2017
UC Riverside,BW,28,7,46.1,49.8,19.9,19.1,26,29.9,30,34.1,44.9,47.9,31.6,35.1,2017
UC Santa Barbara,BW,28,7,46.1,52.5,18.3,17.6,30.8,29.6,28.8,32.3,41.7,53.2,28.5,34.4,2017
Cal Poly,BW,28,7,46,53.2,17.4,16.3,24.7,29.6,26.7,34.6,41.5,49.8,35.8,40.1,2018
Cal St. Northridge,BW,28,7,46,52.6,18.3,16.4,23.3,32.7,28.3,32.8,45.9,51.7,34.7,36.3,2018
Hawaii,CAA,28,7,46,49.9,19.5,19.9,26.3,24.5,40.8,38.7,50.9,50.1,32.5,33.1,2018
Long Beach St.,CAA,28,7,46,53.7,20.7,18.7,32.2,30.4,40.3,28.6,48.4,52.5,35.1,37.5,2018
UC Davis,CAA,28,7,46,49.4,18.6,21.9,24.4,29.1,38.5,36.5,50.7,49.2,36.6,33,2018
UC Irvine,CAA,28,7,46,45,20.5,14.8,32.3,24.8,28.2,41.2,47.5,42.9,33,32.8,2018
UC Riverside,CAA,28,7,45.9,49.1,20,19.3,26.8,31.8,32.4,38.2,44.1,48.5,31.3,33.3,2018
UC Santa Barbara,CAA,28,7,45.8,49.9,14.9,16.6,28.7,27,32,29.5,50.5,48.9,38.3,34.4,2018
Cal Poly,CAA,28,7,45.8,52.6,17,15.6,26.1,31.4,25.8,38.1,46.6,51.5,32,36.5,2019
Cal St. Fullerton,CAA,28,7,45.8,48.3,19.1,16.8,24.5,27,38.5,35.7,50.3,48.5,30.8,32,2019
Cal St. Northridge,CAA,28,7,45.7,51.6,16.7,17.1,28.4,32.5,31.8,32.2,50.3,48.2,36.1,38.4,2019
Hawaii,CAA,28,7,45.7,50.8,17.6,17.4,26.9,24.7,31.2,32.9,52.2,50.3,35,34.5,2019
Long Beach St.,CAA,28,7,45.7,51.1,19,18.9,28.9,33,40.8,30.2,46.3,51.6,33.8,33.5,2019
UC Davis,CAA,28,7,45.7,52.8,19.9,21.1,22.1,27.7,29.7,37.7,49,53.3,32.7,34.6,2019
UC Riverside,CAA,28,6,45.5,54.4,20.3,16,25.1,26.5,22.7,33.4,47.2,53.7,38,37.2,2019
UC Santa Barbara,CAA,28,6,45.5,49.7,16.8,16.6,33.1,26.2,39.5,32.4,49.4,50.8,34.8,31.8,2019
College of Charleston,CAA,28,6,45.5,48.1,19.3,18.4,27.5,32.2,32.4,47.4,43.2,45.4,34.3,35.8,2015
Delaware,CAA,28,6,45.5,50,18.4,15.6,28.8,31.5,38.1,33.2,44.5,46.7,34.5,37,2015
Drexel,CAA,28,6,45.4,50.1,17,18.5,27.5,31.2,33.1,35.7,42.6,49,33,35.1,2015
Elon,CAA,28,6,45.4,51.3,19,21.2,27.9,31.9,37.6,44.1,45.1,50.6,34.5,35,2015
Hofstra,CAA,28,6,45.4,49.5,16,19.6,32.7,28.4,39.8,38.7,50.9,48.8,36.2,33.9,2015
James Madison,CAA,28,6,45.3,50.2,20.3,17.9,29,31.9,42.2,31.9,49.7,48.2,37.2,35.7,2015
Towson,CAA,28,6,45.3,47.6,21.5,14.9,41.1,29.5,48.3,45,44.4,45.7,30.1,34.2,2015
UNC Wilmington,CAA,28,6,45.3,47.9,18,20.4,31,32.4,37.5,47.4,46.3,46.9,34,33.5,2015
William & Mary,CAA,28,6,45.3,50.5,17.5,17.6,24.2,29.9,35.5,31.9,54.8,49.1,38.9,35.3,2015
College of Charleston,CAA,28,6,45.2,48.1,19.5,21.6,30.4,26.9,32.8,43.1,45.6,48.2,34,32,2016
Delaware,CAA,28,6,45.1,51.8,17.7,13.5,29.6,28,42.2,31.9,43.7,51.4,32.5,34.8,2016
Drexel,CAA,28,6,45.1,52.5,16.8,18.1,27.7,28.8,36.9,47.4,42.3,51.5,32.7,36.5,2016
Elon,CAA,28,6,45,50.3,17.7,15.8,27.2,29.8,30.4,33.4,52.5,49.1,33.9,35.3,2016
Hofstra,CAA,28,5,44.9,49.9,16.7,16.4,31.9,30,39.5,24,50.1,48.3,35.6,35.3,2016
James Madison,CAA,28,5,44.8,45.5,17.2,15.4,29.5,27,37,37,50.9,47.3,35,28.7,2016
Northeastern,CAA,28,5,44.7,51.7,18.2,17.2,25.9,28.8,38.7,27.9,48.5,52,37.2,33.9,2016
Towson,MVC,28,5,44.6,48.4,17.9,17.7,38.3,27.3,45.1,41,46.3,46.2,32.1,35.2,2016
William & Mary,P12,27,5,44.6,49.5,15.9,15.3,25.8,27.2,36.6,27.9,54.8,49.4,36.7,33.1,2016
College of Charleston,P12,27,5,44.5,48,15.9,18.6,25.4,28.9,42.7,31.9,49.1,48.9,33.2,31.1,2017
Delaware,P12,27,5,44.4,53.2,17.9,15.2,27.1,27.5,32.2,40,47.8,51.6,30,37,2017
Drexel,SEC,27,5,44.3,53.1,18.5,17.4,30.4,30.5,31.6,39.9,48.5,52.6,34.9,36,2017
Elon,SEC,27,5,44.2,48.6,16.6,14.9,24.2,26.7,30.7,26.4,50.9,48.8,35.7,32.2,2017
Hofstra,SEC,27,4,44.1,53.1,15.2,15.4,31.1,29.6,37.7,29.3,49.6,52,36.4,36.9,2017
James Madison,SEC,27,4,44.1,51.1,21.4,17.6,29.1,25.5,36.1,38.5,50.3,50.6,33.3,34.6,2017
Northeastern,SEC,27,4,44,52.1,18.5,17,25.7,27,37.8,31,52.4,50.7,36.7,36.4,2017
Towson,SEC,27,4,43.6,49,18.7,18.7,37,26.1,45.6,47.1,49.2,47.4,30.6,34.3,2017
William & Mary,WCC,27,4,43.6,52.3,17.4,14.5,25.6,27.4,38.7,35.1,55.8,51,37.8,36.1,2017
Delaware,WCC,27,3,42.1,52.9,15.8,14.9,26,26.2,34.4,29.6,50.7,51.2,32.9,37,2018
Drexel,WCC,26,3,40.9,52.2,17.3,15.6,30.8,30.7,31.8,30.6,50.2,51.1,32.2,36.3,2018
